Taipei,https://farm2.staticflickr.com/1698/25715103812_647086d3db_q.jpg,https://farm2.staticflickr.com/1683/25740690561_93681aec2a_q.jpg,https://farm2.staticflickr.com/1652/25535037730_6b49c43fed_q.jpg,https://farm2.staticflickr.com/1476/25740604521_8f29860980_q.jpg,https://farm2.staticflickr.com/1484/25205173564_6ddb66e69c_q.jpg
New York,https://farm2.staticflickr.com/1505/25206038934_27dc9e4f21_q.jpg,https://farm2.staticflickr.com/1660/25209965753_3d815c96ac_q.jpg,https://farm2.staticflickr.com/1532/25206035894_79084c26ee_q.jpg,https://farm2.staticflickr.com/1668/25715602262_5c1befcd05_q.jpg,https://farm2.staticflickr.com/1507/25715600532_5d39385f0a_q.jpg
Boston,https://farm2.staticflickr.com/1554/25209509933_476a6817ff_q.jpg,https://farm2.staticflickr.com/1620/25740974421_6dc5030174_q.jpg,https://farm2.staticflickr.com/1701/25535352860_2d1a1fbc52_q.jpg,https://farm2.staticflickr.com/1580/25715096322_1e3c8f2139_q.jpg,https://farm2.staticflickr.com/1544/25209343243_5a96979050_q.jpg
Brooklyn,https://farm2.staticflickr.com/1684/25715523322_3b98062c14_q.jpg,https://farm2.staticflickr.com/1663/25205853744_f1fdd5f6de_q.jpg,https://farm2.staticflickr.com/1455/25715217902_5661bf450d_q.jpg,https://farm2.staticflickr.com/1540/25209368333_6682d4332b_q.jpg,https://farm2.staticflickr.com/1510/25835875475_f9c7c677d5_q.jpg
Singapore,https://farm2.staticflickr.com/1502/25205367334_93bb76308b_q.jpg,https://farm2.staticflickr.com/1697/25208973913_290504f892_q.jpg,https://farm2.staticflickr.com/1599/25205047444_cff1cb6887_q.jpg,https://farm2.staticflickr.com/1588/25208963983_5644a7dd4b_q.jpg,https://farm2.staticflickr.com/1673/25809138846_506e58c801_q.jpg
Hsinchu,https://farm2.staticflickr.com/1720/25809364686_07c39c8544_q.jpg,https://farm2.staticflickr.com/1706/25204907564_e6b6f17180_q.jpg,https://farm2.staticflickr.com/1709/25203788724_1eace77fe2_q.jpg,https://farm2.staticflickr.com/1484/25834303845_479747c6b9_q.jpg,https://farm2.staticflickr.com/1593/25831327965_769220470a_q.jpg
Urbana,https://farm2.staticflickr.com/1624/25207001643_dd0d5696b4_q.jpg,https://farm2.staticflickr.com/1537/25527004240_fd2cc84cf9_q.jpg,https://farm2.staticflickr.com/1533/25801627866_b1c6e6c0b6_q.jpg,https://farm2.staticflickr.com/1623/25732580221_64a91f3185_q.jpg,https://farm2.staticflickr.com/1468/25732552311_9753e91865_q.jpg
Ann Arbor,https://farm2.staticflickr.com/1664/25739081011_aa7a04428b_q.jpg,https://farm2.staticflickr.com/1616/25207567593_d541af4746_q.jpg,https://farm2.staticflickr.com/1465/25808096296_12b9b66184_q.jpg,https://farm2.staticflickr.com/1666/25203642914_bce661f177_q.jpg,https://farm2.staticflickr.com/1506/25808079916_bed979eeb8_q.jpg
Kaohsiung,https://farm2.staticflickr.com/1716/25203158684_5374a1c8a1_q.jpg,https://farm2.staticflickr.com/1685/25206094403_31d6ae8be9_q.jpg,https://farm2.staticflickr.com/1489/25711750002_5e700fc304_q.jpg,https://farm2.staticflickr.com/1671/25806633576_46e8fac699_q.jpg,https://farm2.staticflickr.com/1686/25206089813_df5a70045c_q.jpg
Mountain View,https://farm2.staticflickr.com/1445/25209072493_bb2b0e8309_q.jpg,https://farm2.staticflickr.com/1644/25835632775_1392609255_q.jpg,https://farm2.staticflickr.com/1450/25809355556_ea7cc63a3f_q.jpg,https://farm2.staticflickr.com/1452/25834666575_b2350507f9_q.jpg,https://farm2.staticflickr.com/1480/25208064483_c286d14131_q.jpg
